index	count	dset	type
http://bio2rdf.org/drugbank:DB00189	81	2-KEGG	Drug
http://bio2rdf.org/drugbank:DB00199	356	2-KEGG	Drug
http://bio2rdf.org/drugbank:DB00200	175	2-KEGG	Drug
http://bio2rdf.org/drugbank:DB00205	124	2-KEGG	Drug
http://bio2rdf.org/drugbank:DB00248	219	2-KEGG	Drug
http://bio2rdf.org/drugbank:DB00254	379	2-KEGG	Drug
http://bio2rdf.org/drugbank:DB00257	248	2-KEGG	Drug
http://bio2rdf.org/drugbank:DB00273	363	2-KEGG	Drug
http://bio2rdf.org/drugbank:DB00313	290	2-KEGG	Drug
http://bio2rdf.org/drugbank:DB00314	122	2-KEGG	Drug
http://bio2rdf.org/drugbank:DB00316	488	2-KEGG	Drug
http://bio2rdf.org/drugbank:DB00356	189	2-KEGG	Drug
http://bio2rdf.org/drugbank:DB00375	137	2-KEGG	Drug
http://bio2rdf.org/drugbank:DB00404	285	2-KEGG	Drug
http://bio2rdf.org/drugbank:DB00422	437	2-KEGG	Drug
http://bio2rdf.org/drugbank:DB00440	282	2-KEGG	Drug
http://bio2rdf.org/drugbank:DB00449	137	2-KEGG	Drug
http://bio2rdf.org/drugbank:DB00490	302	2-KEGG	Drug
http://bio2rdf.org/drugbank:DB00512	261	2-KEGG	Drug
http://bio2rdf.org/drugbank:DB00521	140	2-KEGG	Drug
http://bio2rdf.org/drugbank:DB00593	175	2-KEGG	Drug
http://bio2rdf.org/drugbank:DB00601	285	2-KEGG	Drug
http://bio2rdf.org/drugbank:DB00604	204	2-KEGG	Drug
http://bio2rdf.org/drugbank:DB00606	114	2-KEGG	Drug
http://bio2rdf.org/drugbank:DB00610	148	2-KEGG	Drug
http://bio2rdf.org/drugbank:DB00640	240	2-KEGG	Drug
http://bio2rdf.org/drugbank:DB00661	400	2-KEGG	Drug
http://bio2rdf.org/drugbank:DB00668	443	2-KEGG	Drug
http://bio2rdf.org/drugbank:DB00674	237	2-KEGG	Drug
http://bio2rdf.org/drugbank:DB00683	261	2-KEGG	Drug
http://bio2rdf.org/drugbank:DB00696	271	2-KEGG	Drug
http://bio2rdf.org/drugbank:DB00703	148	2-KEGG	Drug
http://bio2rdf.org/drugbank:DB00705	297	2-KEGG	Drug
http://bio2rdf.org/drugbank:DB00723	146	2-KEGG	Drug
http://bio2rdf.org/drugbank:DB00770	184	2-KEGG	Drug
http://bio2rdf.org/drugbank:DB00816	170	2-KEGG	Drug
http://bio2rdf.org/drugbank:DB00819	236	2-KEGG	Drug
http://bio2rdf.org/drugbank:DB00822	124	2-KEGG	Drug
http://bio2rdf.org/drugbank:DB00829	317	2-KEGG	Drug
http://bio2rdf.org/drugbank:DB00841	164	2-KEGG	Drug
http://bio2rdf.org/drugbank:DB00867	138	2-KEGG	Drug
http://bio2rdf.org/drugbank:DB00884	190	2-KEGG	Drug
http://bio2rdf.org/drugbank:DB00889	160	2-KEGG	Drug
http://bio2rdf.org/drugbank:DB00898	589	2-KEGG	Drug
http://bio2rdf.org/drugbank:DB00900	170	2-KEGG	Drug
http://bio2rdf.org/drugbank:DB00907	217	2-KEGG	Drug
http://bio2rdf.org/drugbank:DB00908	325	2-KEGG	Drug
http://bio2rdf.org/drugbank:DB00933	167	2-KEGG	Drug
http://bio2rdf.org/drugbank:DB00937	164	2-KEGG	Drug
http://bio2rdf.org/drugbank:DB00951	228	2-KEGG	Drug
http://bio2rdf.org/drugbank:DB00983	195	2-KEGG	Drug
http://bio2rdf.org/drugbank:DB00989	180	2-KEGG	Drug
http://bio2rdf.org/drugbank:DB01021	124	2-KEGG	Drug
http://bio2rdf.org/drugbank:DB01037	246	2-KEGG	Drug
http://bio2rdf.org/drugbank:DB01045	353	2-KEGG	Drug
http://bio2rdf.org/drugbank:DB01049	230	2-KEGG	Drug
http://bio2rdf.org/drugbank:DB01063	160	2-KEGG	Drug
http://bio2rdf.org/drugbank:DB01064	168	2-KEGG	Drug
http://bio2rdf.org/drugbank:DB01095	199	2-KEGG	Drug
http://bio2rdf.org/drugbank:DB01101	153	2-KEGG	Drug
http://bio2rdf.org/drugbank:DB01114	266	2-KEGG	Drug
http://bio2rdf.org/drugbank:DB01119	195	2-KEGG	Drug
http://bio2rdf.org/drugbank:DB01124	274	2-KEGG	Drug
http://bio2rdf.org/drugbank:DB01136	322	2-KEGG	Drug
http://bio2rdf.org/drugbank:DB01144	127	2-KEGG	Drug
http://bio2rdf.org/drugbank:DB01148	132	2-KEGG	Drug
http://bio2rdf.org/drugbank:DB01151	363	2-KEGG	Drug
http://bio2rdf.org/drugbank:DB01156	300	2-KEGG	Drug
http://bio2rdf.org/drugbank:DB01176	123	2-KEGG	Drug
http://bio2rdf.org/drugbank:DB01193	253	2-KEGG	Drug
http://bio2rdf.org/drugbank:DB01195	162	2-KEGG	Drug
http://bio2rdf.org/drugbank:DB01196	118	2-KEGG	Drug
http://bio2rdf.org/drugbank:DB01200	273	2-KEGG	Drug
http://bio2rdf.org/drugbank:DB01201	191	2-KEGG	Drug
http://bio2rdf.org/drugbank:DB01204	134	2-KEGG	Drug
http://bio2rdf.org/drugbank:DB01210	140	2-KEGG	Drug
http://bio2rdf.org/drugbank:DB01211	407	2-KEGG	Drug
http://bio2rdf.org/drugbank:DB01214	124	2-KEGG	Drug
http://bio2rdf.org/drugbank:DB01233	401	2-KEGG	Drug
http://bio2rdf.org/drugbank:DB01239	180	2-KEGG	Drug
http://bio2rdf.org/drugbank:DB01240	158	2-KEGG	Drug
http://bio2rdf.org/drugbank:DB01242	282	2-KEGG	Drug
http://bio2rdf.org/drugbank:DB01253	193	2-KEGG	Drug
http://bio2rdf.org/drugbank:DB01285	92	2-KEGG	Drug
http://bio2rdf.org/drugbank:DB01294	160	2-KEGG	Drug
http://bio2rdf.org/drugbank:DB01356	284	2-KEGG	Drug
http://bio2rdf.org/drugbank:DB01357	177	2-KEGG	Drug
http://bio2rdf.org/drugbank:DB01365	118	2-KEGG	Drug
http://bio2rdf.org/drugbank:DB01380	165	2-KEGG	Drug
http://bio2rdf.org/drugbank:DB01403	393	2-KEGG	Drug
http://bio2rdf.org/drugbank:DB01440	164	2-KEGG	Drug
http://bio2rdf.org/drugbank:DB01551	234	2-KEGG	Drug
http://bio2rdf.org/drugbank:DB01577	240	2-KEGG	Drug
http://bio2rdf.org/drugbank:DB04272	403	2-KEGG	Drug
http://bio2rdf.org/drugbank:DB04572	82	2-KEGG	Drug
http://bio2rdf.org/drugbank:DB04843	98	2-KEGG	Drug
http://bio2rdf.org/drugbank:DB00189	81	3-PharmGKB	Drug
http://bio2rdf.org/drugbank:DB00199	423	3-PharmGKB	Drug
http://bio2rdf.org/drugbank:DB00200	180	3-PharmGKB	Drug
http://bio2rdf.org/drugbank:DB00205	170	3-PharmGKB	Drug
http://bio2rdf.org/drugbank:DB00248	219	3-PharmGKB	Drug
http://bio2rdf.org/drugbank:DB00254	404	3-PharmGKB	Drug
http://bio2rdf.org/drugbank:DB00257	258	3-PharmGKB	Drug
http://bio2rdf.org/drugbank:DB00273	441	3-PharmGKB	Drug
http://bio2rdf.org/drugbank:DB00313	815	3-PharmGKB	Drug
http://bio2rdf.org/drugbank:DB00314	122	3-PharmGKB	Drug
http://bio2rdf.org/drugbank:DB00316	730	3-PharmGKB	Drug
http://bio2rdf.org/drugbank:DB00356	189	3-PharmGKB	Drug
http://bio2rdf.org/drugbank:DB00375	137	3-PharmGKB	Drug
http://bio2rdf.org/drugbank:DB00404	300	3-PharmGKB	Drug
http://bio2rdf.org/drugbank:DB00422	690	3-PharmGKB	Drug
http://bio2rdf.org/drugbank:DB00440	527	3-PharmGKB	Drug
http://bio2rdf.org/drugbank:DB00449	137	3-PharmGKB	Drug
http://bio2rdf.org/drugbank:DB00490	330	3-PharmGKB	Drug
http://bio2rdf.org/drugbank:DB00512	270	3-PharmGKB	Drug
http://bio2rdf.org/drugbank:DB00521	140	3-PharmGKB	Drug
http://bio2rdf.org/drugbank:DB00593	175	3-PharmGKB	Drug
http://bio2rdf.org/drugbank:DB00601	285	3-PharmGKB	Drug
http://bio2rdf.org/drugbank:DB00604	234	3-PharmGKB	Drug
http://bio2rdf.org/drugbank:DB00606	114	3-PharmGKB	Drug
http://bio2rdf.org/drugbank:DB00610	148	3-PharmGKB	Drug
http://bio2rdf.org/drugbank:DB00640	250	3-PharmGKB	Drug
http://bio2rdf.org/drugbank:DB00661	604	3-PharmGKB	Drug
http://bio2rdf.org/drugbank:DB00668	486	3-PharmGKB	Drug
http://bio2rdf.org/drugbank:DB00674	395	3-PharmGKB	Drug
http://bio2rdf.org/drugbank:DB00683	372	3-PharmGKB	Drug
http://bio2rdf.org/drugbank:DB00696	271	3-PharmGKB	Drug
http://bio2rdf.org/drugbank:DB00703	175	3-PharmGKB	Drug
http://bio2rdf.org/drugbank:DB00705	297	3-PharmGKB	Drug
http://bio2rdf.org/drugbank:DB00723	160	3-PharmGKB	Drug
http://bio2rdf.org/drugbank:DB00770	184	3-PharmGKB	Drug
http://bio2rdf.org/drugbank:DB00816	175	3-PharmGKB	Drug
http://bio2rdf.org/drugbank:DB00819	245	3-PharmGKB	Drug
http://bio2rdf.org/drugbank:DB00822	163	3-PharmGKB	Drug
http://bio2rdf.org/drugbank:DB00829	391	3-PharmGKB	Drug
http://bio2rdf.org/drugbank:DB00841	183	3-PharmGKB	Drug
http://bio2rdf.org/drugbank:DB00867	143	3-PharmGKB	Drug
http://bio2rdf.org/drugbank:DB00884	209	3-PharmGKB	Drug
http://bio2rdf.org/drugbank:DB00889	170	3-PharmGKB	Drug
http://bio2rdf.org/drugbank:DB00898	829	3-PharmGKB	Drug
http://bio2rdf.org/drugbank:DB00900	196	3-PharmGKB	Drug
http://bio2rdf.org/drugbank:DB00907	316	3-PharmGKB	Drug
http://bio2rdf.org/drugbank:DB00908	418	3-PharmGKB	Drug
http://bio2rdf.org/drugbank:DB00933	167	3-PharmGKB	Drug
http://bio2rdf.org/drugbank:DB00937	164	3-PharmGKB	Drug
http://bio2rdf.org/drugbank:DB00951	755	3-PharmGKB	Drug
http://bio2rdf.org/drugbank:DB00983	205	3-PharmGKB	Drug
http://bio2rdf.org/drugbank:DB00989	249	3-PharmGKB	Drug
http://bio2rdf.org/drugbank:DB01021	124	3-PharmGKB	Drug
http://bio2rdf.org/drugbank:DB01037	261	3-PharmGKB	Drug
http://bio2rdf.org/drugbank:DB01045	787	3-PharmGKB	Drug
http://bio2rdf.org/drugbank:DB01049	230	3-PharmGKB	Drug
http://bio2rdf.org/drugbank:DB01063	160	3-PharmGKB	Drug
http://bio2rdf.org/drugbank:DB01064	216	3-PharmGKB	Drug
http://bio2rdf.org/drugbank:DB01095	475	3-PharmGKB	Drug
http://bio2rdf.org/drugbank:DB01101	788	3-PharmGKB	Drug
http://bio2rdf.org/drugbank:DB01114	385	3-PharmGKB	Drug
http://bio2rdf.org/drugbank:DB01119	205	3-PharmGKB	Drug
http://bio2rdf.org/drugbank:DB01124	346	3-PharmGKB	Drug
http://bio2rdf.org/drugbank:DB01136	647	3-PharmGKB	Drug
http://bio2rdf.org/drugbank:DB01144	127	3-PharmGKB	Drug
http://bio2rdf.org/drugbank:DB01148	132	3-PharmGKB	Drug
http://bio2rdf.org/drugbank:DB01151	606	3-PharmGKB	Drug
http://bio2rdf.org/drugbank:DB01156	501	3-PharmGKB	Drug
http://bio2rdf.org/drugbank:DB01176	123	3-PharmGKB	Drug
http://bio2rdf.org/drugbank:DB01193	269	3-PharmGKB	Drug
http://bio2rdf.org/drugbank:DB01195	393	3-PharmGKB	Drug
http://bio2rdf.org/drugbank:DB01196	118	3-PharmGKB	Drug
http://bio2rdf.org/drugbank:DB01200	278	3-PharmGKB	Drug
http://bio2rdf.org/drugbank:DB01201	196	3-PharmGKB	Drug
http://bio2rdf.org/drugbank:DB01204	227	3-PharmGKB	Drug
http://bio2rdf.org/drugbank:DB01210	140	3-PharmGKB	Drug
http://bio2rdf.org/drugbank:DB01211	430	3-PharmGKB	Drug
http://bio2rdf.org/drugbank:DB01214	124	3-PharmGKB	Drug
http://bio2rdf.org/drugbank:DB01233	439	3-PharmGKB	Drug
http://bio2rdf.org/drugbank:DB01239	180	3-PharmGKB	Drug
http://bio2rdf.org/drugbank:DB01240	158	3-PharmGKB	Drug
http://bio2rdf.org/drugbank:DB01242	636	3-PharmGKB	Drug
http://bio2rdf.org/drugbank:DB01253	193	3-PharmGKB	Drug
http://bio2rdf.org/drugbank:DB01285	92	3-PharmGKB	Drug
http://bio2rdf.org/drugbank:DB01294	160	3-PharmGKB	Drug
http://bio2rdf.org/drugbank:DB01356	780	3-PharmGKB	Drug
http://bio2rdf.org/drugbank:DB01357	177	3-PharmGKB	Drug
http://bio2rdf.org/drugbank:DB01365	118	3-PharmGKB	Drug
http://bio2rdf.org/drugbank:DB01380	178	3-PharmGKB	Drug
http://bio2rdf.org/drugbank:DB01403	393	3-PharmGKB	Drug
http://bio2rdf.org/drugbank:DB01440	164	3-PharmGKB	Drug
http://bio2rdf.org/drugbank:DB01551	234	3-PharmGKB	Drug
http://bio2rdf.org/drugbank:DB01577	400	3-PharmGKB	Drug
http://bio2rdf.org/drugbank:DB04272	403	3-PharmGKB	Drug
http://bio2rdf.org/drugbank:DB04572	116	3-PharmGKB	Drug
http://bio2rdf.org/drugbank:DB04843	98	3-PharmGKB	Drug
http://bio2rdf.org/drugbank:DB00189	121	4-CTD	Drug
http://bio2rdf.org/drugbank:DB00199	2087	4-CTD	Drug
http://bio2rdf.org/drugbank:DB00200	225	4-CTD	Drug
http://bio2rdf.org/drugbank:DB00205	628	4-CTD	Drug
http://bio2rdf.org/drugbank:DB00248	482	4-CTD	Drug
http://bio2rdf.org/drugbank:DB00254	1788	4-CTD	Drug
http://bio2rdf.org/drugbank:DB00257	1150	4-CTD	Drug
http://bio2rdf.org/drugbank:DB00273	1177	4-CTD	Drug
http://bio2rdf.org/drugbank:DB00313	20256	4-CTD	Drug
http://bio2rdf.org/drugbank:DB00314	172	4-CTD	Drug
http://bio2rdf.org/drugbank:DB00316	17488	4-CTD	Drug
http://bio2rdf.org/drugbank:DB00356	365	4-CTD	Drug
http://bio2rdf.org/drugbank:DB00375	172	4-CTD	Drug
http://bio2rdf.org/drugbank:DB00404	608	4-CTD	Drug
http://bio2rdf.org/drugbank:DB00422	1702	4-CTD	Drug
http://bio2rdf.org/drugbank:DB00440	747	4-CTD	Drug
http://bio2rdf.org/drugbank:DB00449	149	4-CTD	Drug
http://bio2rdf.org/drugbank:DB00490	785	4-CTD	Drug
http://bio2rdf.org/drugbank:DB00512	3754	4-CTD	Drug
http://bio2rdf.org/drugbank:DB00521	264	4-CTD	Drug
http://bio2rdf.org/drugbank:DB00593	359	4-CTD	Drug
http://bio2rdf.org/drugbank:DB00601	456	4-CTD	Drug
http://bio2rdf.org/drugbank:DB00604	397	4-CTD	Drug
http://bio2rdf.org/drugbank:DB00606	122	4-CTD	Drug
http://bio2rdf.org/drugbank:DB00610	208	4-CTD	Drug
http://bio2rdf.org/drugbank:DB00640	3248	4-CTD	Drug
http://bio2rdf.org/drugbank:DB00661	2410	4-CTD	Drug
http://bio2rdf.org/drugbank:DB00668	3316	4-CTD	Drug
http://bio2rdf.org/drugbank:DB00674	544	4-CTD	Drug
http://bio2rdf.org/drugbank:DB00683	873	4-CTD	Drug
http://bio2rdf.org/drugbank:DB00696	525	4-CTD	Drug
http://bio2rdf.org/drugbank:DB00703	319	4-CTD	Drug
http://bio2rdf.org/drugbank:DB00705	417	4-CTD	Drug
http://bio2rdf.org/drugbank:DB00723	362	4-CTD	Drug
http://bio2rdf.org/drugbank:DB00770	1267	4-CTD	Drug
http://bio2rdf.org/drugbank:DB00816	796	4-CTD	Drug
http://bio2rdf.org/drugbank:DB00819	797	4-CTD	Drug
http://bio2rdf.org/drugbank:DB00822	3399	4-CTD	Drug
http://bio2rdf.org/drugbank:DB00829	1741	4-CTD	Drug
http://bio2rdf.org/drugbank:DB00841	2347	4-CTD	Drug
http://bio2rdf.org/drugbank:DB00867	641	4-CTD	Drug
http://bio2rdf.org/drugbank:DB00884	745	4-CTD	Drug
http://bio2rdf.org/drugbank:DB00889	248	4-CTD	Drug
http://bio2rdf.org/drugbank:DB00898	8431	4-CTD	Drug
http://bio2rdf.org/drugbank:DB00900	415	4-CTD	Drug
http://bio2rdf.org/drugbank:DB00907	5647	4-CTD	Drug
http://bio2rdf.org/drugbank:DB00908	1271	4-CTD	Drug
http://bio2rdf.org/drugbank:DB00933	217	4-CTD	Drug
http://bio2rdf.org/drugbank:DB00937	247	4-CTD	Drug
http://bio2rdf.org/drugbank:DB00951	2003	4-CTD	Drug
http://bio2rdf.org/drugbank:DB00983	1265	4-CTD	Drug
http://bio2rdf.org/drugbank:DB00989	419	4-CTD	Drug
http://bio2rdf.org/drugbank:DB01021	193	4-CTD	Drug
http://bio2rdf.org/drugbank:DB01037	1258	4-CTD	Drug
http://bio2rdf.org/drugbank:DB01045	3033	4-CTD	Drug
http://bio2rdf.org/drugbank:DB01049	279	4-CTD	Drug
http://bio2rdf.org/drugbank:DB01063	220	4-CTD	Drug
http://bio2rdf.org/drugbank:DB01064	5084	4-CTD	Drug
http://bio2rdf.org/drugbank:DB01095	1595	4-CTD	Drug
http://bio2rdf.org/drugbank:DB01101	1512	4-CTD	Drug
http://bio2rdf.org/drugbank:DB01114	747	4-CTD	Drug
http://bio2rdf.org/drugbank:DB01119	1504	4-CTD	Drug
http://bio2rdf.org/drugbank:DB01124	1011	4-CTD	Drug
http://bio2rdf.org/drugbank:DB01136	3250	4-CTD	Drug
http://bio2rdf.org/drugbank:DB01144	192	4-CTD	Drug
http://bio2rdf.org/drugbank:DB01148	180	4-CTD	Drug
http://bio2rdf.org/drugbank:DB01151	1643	4-CTD	Drug
http://bio2rdf.org/drugbank:DB01156	1186	4-CTD	Drug
http://bio2rdf.org/drugbank:DB01176	174	4-CTD	Drug
http://bio2rdf.org/drugbank:DB01193	599	4-CTD	Drug
http://bio2rdf.org/drugbank:DB01195	664	4-CTD	Drug
http://bio2rdf.org/drugbank:DB01196	266	4-CTD	Drug
http://bio2rdf.org/drugbank:DB01200	1829	4-CTD	Drug
http://bio2rdf.org/drugbank:DB01201	256	4-CTD	Drug
http://bio2rdf.org/drugbank:DB01204	1596	4-CTD	Drug
http://bio2rdf.org/drugbank:DB01210	208	4-CTD	Drug
http://bio2rdf.org/drugbank:DB01211	1139	4-CTD	Drug
http://bio2rdf.org/drugbank:DB01214	271	4-CTD	Drug
http://bio2rdf.org/drugbank:DB01233	1078	4-CTD	Drug
http://bio2rdf.org/drugbank:DB01239	307	4-CTD	Drug
http://bio2rdf.org/drugbank:DB01240	1335	4-CTD	Drug
http://bio2rdf.org/drugbank:DB01242	1556	4-CTD	Drug
http://bio2rdf.org/drugbank:DB01253	234	4-CTD	Drug
http://bio2rdf.org/drugbank:DB01285	770	4-CTD	Drug
http://bio2rdf.org/drugbank:DB01294	170	4-CTD	Drug
http://bio2rdf.org/drugbank:DB01356	3653	4-CTD	Drug
http://bio2rdf.org/drugbank:DB01357	349	4-CTD	Drug
http://bio2rdf.org/drugbank:DB01365	164	4-CTD	Drug
http://bio2rdf.org/drugbank:DB01380	183	4-CTD	Drug
http://bio2rdf.org/drugbank:DB01403	511	4-CTD	Drug
http://bio2rdf.org/drugbank:DB01440	197	4-CTD	Drug
http://bio2rdf.org/drugbank:DB01551	254	4-CTD	Drug
http://bio2rdf.org/drugbank:DB01577	3858	4-CTD	Drug
http://bio2rdf.org/drugbank:DB04272	802	4-CTD	Drug
http://bio2rdf.org/drugbank:DB04572	799	4-CTD	Drug
http://bio2rdf.org/drugbank:DB04843	105	4-CTD	Drug
http://bio2rdf.org/drugbank:DB00189	121	5-EBIRDF	Drug
http://bio2rdf.org/drugbank:DB00199	3084	5-EBIRDF	Drug
http://bio2rdf.org/drugbank:DB00200	281	5-EBIRDF	Drug
http://bio2rdf.org/drugbank:DB00205	1625	5-EBIRDF	Drug
http://bio2rdf.org/drugbank:DB00248	679	5-EBIRDF	Drug
http://bio2rdf.org/drugbank:DB00254	2785	5-EBIRDF	Drug
http://bio2rdf.org/drugbank:DB00257	2147	5-EBIRDF	Drug
http://bio2rdf.org/drugbank:DB00273	2143	5-EBIRDF	Drug
http://bio2rdf.org/drugbank:DB00313	21253	5-EBIRDF	Drug
http://bio2rdf.org/drugbank:DB00314	172	5-EBIRDF	Drug
http://bio2rdf.org/drugbank:DB00316	18485	5-EBIRDF	Drug
http://bio2rdf.org/drugbank:DB00356	1339	5-EBIRDF	Drug
http://bio2rdf.org/drugbank:DB00375	172	5-EBIRDF	Drug
http://bio2rdf.org/drugbank:DB00404	1587	5-EBIRDF	Drug
http://bio2rdf.org/drugbank:DB00422	1702	5-EBIRDF	Drug
http://bio2rdf.org/drugbank:DB00440	1744	5-EBIRDF	Drug
http://bio2rdf.org/drugbank:DB00449	265	5-EBIRDF	Drug
http://bio2rdf.org/drugbank:DB00490	1781	5-EBIRDF	Drug
http://bio2rdf.org/drugbank:DB00512	4751	5-EBIRDF	Drug
http://bio2rdf.org/drugbank:DB00521	458	5-EBIRDF	Drug
http://bio2rdf.org/drugbank:DB00593	1356	5-EBIRDF	Drug
http://bio2rdf.org/drugbank:DB00601	1453	5-EBIRDF	Drug
http://bio2rdf.org/drugbank:DB00604	442	5-EBIRDF	Drug
http://bio2rdf.org/drugbank:DB00606	439	5-EBIRDF	Drug
http://bio2rdf.org/drugbank:DB00610	358	5-EBIRDF	Drug
http://bio2rdf.org/drugbank:DB00640	4215	5-EBIRDF	Drug
http://bio2rdf.org/drugbank:DB00661	3407	5-EBIRDF	Drug
http://bio2rdf.org/drugbank:DB00668	4247	5-EBIRDF	Drug
http://bio2rdf.org/drugbank:DB00674	1541	5-EBIRDF	Drug
http://bio2rdf.org/drugbank:DB00683	1561	5-EBIRDF	Drug
http://bio2rdf.org/drugbank:DB00696	1294	5-EBIRDF	Drug
http://bio2rdf.org/drugbank:DB00703	1294	5-EBIRDF	Drug
http://bio2rdf.org/drugbank:DB00705	1394	5-EBIRDF	Drug
http://bio2rdf.org/drugbank:DB00723	460	5-EBIRDF	Drug
http://bio2rdf.org/drugbank:DB00770	1780	5-EBIRDF	Drug
http://bio2rdf.org/drugbank:DB00816	966	5-EBIRDF	Drug
http://bio2rdf.org/drugbank:DB00819	1794	5-EBIRDF	Drug
http://bio2rdf.org/drugbank:DB00822	4396	5-EBIRDF	Drug
http://bio2rdf.org/drugbank:DB00829	2738	5-EBIRDF	Drug
http://bio2rdf.org/drugbank:DB00841	3328	5-EBIRDF	Drug
http://bio2rdf.org/drugbank:DB00867	796	5-EBIRDF	Drug
http://bio2rdf.org/drugbank:DB00884	1723	5-EBIRDF	Drug
http://bio2rdf.org/drugbank:DB00889	287	5-EBIRDF	Drug
http://bio2rdf.org/drugbank:DB00898	9428	5-EBIRDF	Drug
http://bio2rdf.org/drugbank:DB00900	1376	5-EBIRDF	Drug
http://bio2rdf.org/drugbank:DB00907	6639	5-EBIRDF	Drug
http://bio2rdf.org/drugbank:DB00908	2268	5-EBIRDF	Drug
http://bio2rdf.org/drugbank:DB00933	581	5-EBIRDF	Drug
http://bio2rdf.org/drugbank:DB00937	331	5-EBIRDF	Drug
http://bio2rdf.org/drugbank:DB00951	3000	5-EBIRDF	Drug
http://bio2rdf.org/drugbank:DB00983	1563	5-EBIRDF	Drug
http://bio2rdf.org/drugbank:DB00989	1009	5-EBIRDF	Drug
http://bio2rdf.org/drugbank:DB01021	941	5-EBIRDF	Drug
http://bio2rdf.org/drugbank:DB01037	2217	5-EBIRDF	Drug
http://bio2rdf.org/drugbank:DB01045	4030	5-EBIRDF	Drug
http://bio2rdf.org/drugbank:DB01049	279	5-EBIRDF	Drug
http://bio2rdf.org/drugbank:DB01063	343	5-EBIRDF	Drug
http://bio2rdf.org/drugbank:DB01064	6081	5-EBIRDF	Drug
http://bio2rdf.org/drugbank:DB01095	1595	5-EBIRDF	Drug
http://bio2rdf.org/drugbank:DB01101	1871	5-EBIRDF	Drug
http://bio2rdf.org/drugbank:DB01114	1744	5-EBIRDF	Drug
http://bio2rdf.org/drugbank:DB01119	2471	5-EBIRDF	Drug
http://bio2rdf.org/drugbank:DB01124	2008	5-EBIRDF	Drug
http://bio2rdf.org/drugbank:DB01136	4223	5-EBIRDF	Drug
http://bio2rdf.org/drugbank:DB01144	1170	5-EBIRDF	Drug
http://bio2rdf.org/drugbank:DB01148	1170	5-EBIRDF	Drug
http://bio2rdf.org/drugbank:DB01151	2616	5-EBIRDF	Drug
http://bio2rdf.org/drugbank:DB01156	2170	5-EBIRDF	Drug
http://bio2rdf.org/drugbank:DB01176	894	5-EBIRDF	Drug
http://bio2rdf.org/drugbank:DB01193	1586	5-EBIRDF	Drug
http://bio2rdf.org/drugbank:DB01195	1132	5-EBIRDF	Drug
http://bio2rdf.org/drugbank:DB01196	675	5-EBIRDF	Drug
http://bio2rdf.org/drugbank:DB01200	2809	5-EBIRDF	Drug
http://bio2rdf.org/drugbank:DB01201	1234	5-EBIRDF	Drug
http://bio2rdf.org/drugbank:DB01204	2593	5-EBIRDF	Drug
http://bio2rdf.org/drugbank:DB01210	893	5-EBIRDF	Drug
http://bio2rdf.org/drugbank:DB01211	2136	5-EBIRDF	Drug
http://bio2rdf.org/drugbank:DB01214	452	5-EBIRDF	Drug
http://bio2rdf.org/drugbank:DB01233	2051	5-EBIRDF	Drug
http://bio2rdf.org/drugbank:DB01239	307	5-EBIRDF	Drug
http://bio2rdf.org/drugbank:DB01240	1506	5-EBIRDF	Drug
http://bio2rdf.org/drugbank:DB01242	2553	5-EBIRDF	Drug
http://bio2rdf.org/drugbank:DB01253	892	5-EBIRDF	Drug
http://bio2rdf.org/drugbank:DB01285	770	5-EBIRDF	Drug
http://bio2rdf.org/drugbank:DB01294	262	5-EBIRDF	Drug
http://bio2rdf.org/drugbank:DB01356	3741	5-EBIRDF	Drug
http://bio2rdf.org/drugbank:DB01357	1332	5-EBIRDF	Drug
http://bio2rdf.org/drugbank:DB01365	236	5-EBIRDF	Drug
http://bio2rdf.org/drugbank:DB01380	937	5-EBIRDF	Drug
http://bio2rdf.org/drugbank:DB01403	682	5-EBIRDF	Drug
http://bio2rdf.org/drugbank:DB01440	297	5-EBIRDF	Drug
http://bio2rdf.org/drugbank:DB01551	400	5-EBIRDF	Drug
http://bio2rdf.org/drugbank:DB01577	4078	5-EBIRDF	Drug
http://bio2rdf.org/drugbank:DB04272	1780	5-EBIRDF	Drug
http://bio2rdf.org/drugbank:DB04572	1451	5-EBIRDF	Drug
http://bio2rdf.org/drugbank:DB04843	105	5-EBIRDF	Drug
http://bio2rdf.org/drugbank:BE0000064	58	2-KEGG	Protein
http://bio2rdf.org/drugbank:BE0000076	29	2-KEGG	Protein
http://bio2rdf.org/drugbank:BE0000081	47	2-KEGG	Protein
http://bio2rdf.org/drugbank:BE0000091	38	2-KEGG	Protein
http://bio2rdf.org/drugbank:BE0000135	46	2-KEGG	Protein
http://bio2rdf.org/drugbank:BE0000177	100	2-KEGG	Protein
http://bio2rdf.org/drugbank:BE0000192	44	2-KEGG	Protein
http://bio2rdf.org/drugbank:BE0000198	48	2-KEGG	Protein
http://bio2rdf.org/drugbank:BE0000204	44	2-KEGG	Protein
http://bio2rdf.org/drugbank:BE0000219	45	2-KEGG	Protein
http://bio2rdf.org/drugbank:BE0000309	46	2-KEGG	Protein
http://bio2rdf.org/drugbank:BE0000338	31	2-KEGG	Protein
http://bio2rdf.org/drugbank:BE0000345	36	2-KEGG	Protein
http://bio2rdf.org/drugbank:BE0000368	60	2-KEGG	Protein
http://bio2rdf.org/drugbank:BE0000369	148	2-KEGG	Protein
http://bio2rdf.org/drugbank:BE0000382	102	2-KEGG	Protein
http://bio2rdf.org/drugbank:BE0000389	113	2-KEGG	Protein
http://bio2rdf.org/drugbank:BE0000416	31	2-KEGG	Protein
http://bio2rdf.org/drugbank:BE0000545	44	2-KEGG	Protein
http://bio2rdf.org/drugbank:BE0000553	71	2-KEGG	Protein
http://bio2rdf.org/drugbank:BE0000651	48	2-KEGG	Protein
http://bio2rdf.org/drugbank:BE0000673	34	2-KEGG	Protein
http://bio2rdf.org/drugbank:BE0000714	33	2-KEGG	Protein
http://bio2rdf.org/drugbank:BE0000741	31	2-KEGG	Protein
http://bio2rdf.org/drugbank:BE0000767	146	2-KEGG	Protein
http://bio2rdf.org/drugbank:BE0000814	77	2-KEGG	Protein
http://bio2rdf.org/drugbank:BE0000816	37	2-KEGG	Protein
http://bio2rdf.org/drugbank:BE0000819	39	2-KEGG	Protein
http://bio2rdf.org/drugbank:BE0000839	61	2-KEGG	Protein
http://bio2rdf.org/drugbank:BE0000887	39	2-KEGG	Protein
http://bio2rdf.org/drugbank:BE0000899	34	2-KEGG	Protein
http://bio2rdf.org/drugbank:BE0000915	100	2-KEGG	Protein
http://bio2rdf.org/drugbank:BE0000959	46	2-KEGG	Protein
http://bio2rdf.org/drugbank:BE0000968	51	2-KEGG	Protein
http://bio2rdf.org/drugbank:BE0000974	35	2-KEGG	Protein
http://bio2rdf.org/drugbank:BE0000982	50	2-KEGG	Protein
http://bio2rdf.org/drugbank:BE0000999	49	2-KEGG	Protein
http://bio2rdf.org/drugbank:BE0001019	197	2-KEGG	Protein
http://bio2rdf.org/drugbank:BE0001036	37	2-KEGG	Protein
http://bio2rdf.org/drugbank:BE0001046	28	2-KEGG	Protein
http://bio2rdf.org/drugbank:BE0001058	52	2-KEGG	Protein
http://bio2rdf.org/drugbank:BE0001076	102	2-KEGG	Protein
http://bio2rdf.org/drugbank:BE0001109	70	2-KEGG	Protein
http://bio2rdf.org/drugbank:BE0001122	38	2-KEGG	Protein
http://bio2rdf.org/drugbank:BE0001156	64	2-KEGG	Protein
http://bio2rdf.org/drugbank:BE0001185	31	2-KEGG	Protein
http://bio2rdf.org/drugbank:BE0001840	41	2-KEGG	Protein
http://bio2rdf.org/drugbank:BE0002139	35	2-KEGG	Protein
http://bio2rdf.org/drugbank:BE0002231	55	2-KEGG	Protein
http://bio2rdf.org/drugbank:BE0002282	25	2-KEGG	Protein
http://bio2rdf.org/drugbank:BE0002287	30	2-KEGG	Protein
http://bio2rdf.org/drugbank:BE0002308	28	2-KEGG	Protein
http://bio2rdf.org/drugbank:BE0002324	44	2-KEGG	Protein
http://bio2rdf.org/drugbank:BE0002344	172	2-KEGG	Protein
http://bio2rdf.org/drugbank:BE0002406	119	2-KEGG	Protein
http://bio2rdf.org/drugbank:BE0002423	26	2-KEGG	Protein
http://bio2rdf.org/drugbank:BE0002441	53	2-KEGG	Protein
http://bio2rdf.org/drugbank:BE0002859	39	2-KEGG	Protein
http://bio2rdf.org/drugbank:BE0003115	42	2-KEGG	Protein
http://bio2rdf.org/drugbank:BE0003148	31	2-KEGG	Protein
http://bio2rdf.org/drugbank:BE0003309	33	2-KEGG	Protein
http://bio2rdf.org/drugbank:BE0003420	27	2-KEGG	Protein
http://bio2rdf.org/drugbank:BE0003508	39	2-KEGG	Protein
http://bio2rdf.org/drugbank:BE0003522	43	2-KEGG	Protein
http://bio2rdf.org/drugbank:BE0003578	55	2-KEGG	Protein
http://bio2rdf.org/drugbank:BE0003584	57	2-KEGG	Protein
http://bio2rdf.org/drugbank:BE0003719	25	2-KEGG	Protein
http://bio2rdf.org/drugbank:BE0003882	53	2-KEGG	Protein
http://bio2rdf.org/drugbank:BE0003984	45	2-KEGG	Protein
http://bio2rdf.org/drugbank:BE0004043	40	2-KEGG	Protein
http://bio2rdf.org/drugbank:BE0004044	39	2-KEGG	Protein
http://bio2rdf.org/drugbank:BE0004147	46	2-KEGG	Protein
http://bio2rdf.org/drugbank:BE0004155	60	2-KEGG	Protein
http://bio2rdf.org/drugbank:BE0004238	51	2-KEGG	Protein
http://bio2rdf.org/drugbank:BE0004277	18	2-KEGG	Protein
http://bio2rdf.org/drugbank:BE0004906	57	2-KEGG	Protein
http://bio2rdf.org/drugbank:BE0000064	240	3-PharmGKB	Protein
http://bio2rdf.org/drugbank:BE0000076	570	3-PharmGKB	Protein
http://bio2rdf.org/drugbank:BE0000081	1728	3-PharmGKB	Protein
http://bio2rdf.org/drugbank:BE0000091	1677	3-PharmGKB	Protein
http://bio2rdf.org/drugbank:BE0000135	1363	3-PharmGKB	Protein
http://bio2rdf.org/drugbank:BE0000177	2467	3-PharmGKB	Protein
http://bio2rdf.org/drugbank:BE0000192	2193	3-PharmGKB	Protein
http://bio2rdf.org/drugbank:BE0000198	634	3-PharmGKB	Protein
http://bio2rdf.org/drugbank:BE0000204	2702	3-PharmGKB	Protein
http://bio2rdf.org/drugbank:BE0000219	646	3-PharmGKB	Protein
http://bio2rdf.org/drugbank:BE0000309	564	3-PharmGKB	Protein
http://bio2rdf.org/drugbank:BE0000338	147	3-PharmGKB	Protein
http://bio2rdf.org/drugbank:BE0000345	3783	3-PharmGKB	Protein
http://bio2rdf.org/drugbank:BE0000368	392	3-PharmGKB	Protein
http://bio2rdf.org/drugbank:BE0000369	1667	3-PharmGKB	Protein
http://bio2rdf.org/drugbank:BE0000382	579	3-PharmGKB	Protein
http://bio2rdf.org/drugbank:BE0000389	417	3-PharmGKB	Protein
http://bio2rdf.org/drugbank:BE0000416	340	3-PharmGKB	Protein
http://bio2rdf.org/drugbank:BE0000545	470	3-PharmGKB	Protein
http://bio2rdf.org/drugbank:BE0000553	15992	3-PharmGKB	Protein
http://bio2rdf.org/drugbank:BE0000651	791	3-PharmGKB	Protein
http://bio2rdf.org/drugbank:BE0000673	413	3-PharmGKB	Protein
http://bio2rdf.org/drugbank:BE0000714	575	3-PharmGKB	Protein
http://bio2rdf.org/drugbank:BE0000741	989	3-PharmGKB	Protein
http://bio2rdf.org/drugbank:BE0000767	4528	3-PharmGKB	Protein
http://bio2rdf.org/drugbank:BE0000814	573	3-PharmGKB	Protein
http://bio2rdf.org/drugbank:BE0000816	128	3-PharmGKB	Protein
http://bio2rdf.org/drugbank:BE0000819	399	3-PharmGKB	Protein
http://bio2rdf.org/drugbank:BE0000839	4062	3-PharmGKB	Protein
http://bio2rdf.org/drugbank:BE0000887	317	3-PharmGKB	Protein
http://bio2rdf.org/drugbank:BE0000899	372	3-PharmGKB	Protein
http://bio2rdf.org/drugbank:BE0000915	2441	3-PharmGKB	Protein
http://bio2rdf.org/drugbank:BE0000959	1150	3-PharmGKB	Protein
http://bio2rdf.org/drugbank:BE0000968	327	3-PharmGKB	Protein
http://bio2rdf.org/drugbank:BE0000974	347	3-PharmGKB	Protein
http://bio2rdf.org/drugbank:BE0000982	697	3-PharmGKB	Protein
http://bio2rdf.org/drugbank:BE0000999	935	3-PharmGKB	Protein
http://bio2rdf.org/drugbank:BE0001019	2178	3-PharmGKB	Protein
http://bio2rdf.org/drugbank:BE0001036	45	3-PharmGKB	Protein
http://bio2rdf.org/drugbank:BE0001046	1044	3-PharmGKB	Protein
http://bio2rdf.org/drugbank:BE0001058	535	3-PharmGKB	Protein
http://bio2rdf.org/drugbank:BE0001076	304	3-PharmGKB	Protein
http://bio2rdf.org/drugbank:BE0001109	1110	3-PharmGKB	Protein
http://bio2rdf.org/drugbank:BE0001122	828	3-PharmGKB	Protein
http://bio2rdf.org/drugbank:BE0001156	1080	3-PharmGKB	Protein
http://bio2rdf.org/drugbank:BE0001185	687	3-PharmGKB	Protein
http://bio2rdf.org/drugbank:BE0001840	257	3-PharmGKB	Protein
http://bio2rdf.org/drugbank:BE0002139	365	3-PharmGKB	Protein
http://bio2rdf.org/drugbank:BE0002231	712	3-PharmGKB	Protein
http://bio2rdf.org/drugbank:BE0002282	787	3-PharmGKB	Protein
http://bio2rdf.org/drugbank:BE0002287	121	3-PharmGKB	Protein
http://bio2rdf.org/drugbank:BE0002308	185	3-PharmGKB	Protein
http://bio2rdf.org/drugbank:BE0002324	512	3-PharmGKB	Protein
http://bio2rdf.org/drugbank:BE0002344	7925	3-PharmGKB	Protein
http://bio2rdf.org/drugbank:BE0002406	1797	3-PharmGKB	Protein
http://bio2rdf.org/drugbank:BE0002423	203	3-PharmGKB	Protein
http://bio2rdf.org/drugbank:BE0002441	261	3-PharmGKB	Protein
http://bio2rdf.org/drugbank:BE0002859	1440	3-PharmGKB	Protein
http://bio2rdf.org/drugbank:BE0003115	2674	3-PharmGKB	Protein
http://bio2rdf.org/drugbank:BE0003148	439	3-PharmGKB	Protein
http://bio2rdf.org/drugbank:BE0003309	190	3-PharmGKB	Protein
http://bio2rdf.org/drugbank:BE0003420	36	3-PharmGKB	Protein
http://bio2rdf.org/drugbank:BE0003508	701	3-PharmGKB	Protein
http://bio2rdf.org/drugbank:BE0003522	328	3-PharmGKB	Protein
http://bio2rdf.org/drugbank:BE0003578	6550	3-PharmGKB	Protein
http://bio2rdf.org/drugbank:BE0003584	586	3-PharmGKB	Protein
http://bio2rdf.org/drugbank:BE0003719	1254	3-PharmGKB	Protein
http://bio2rdf.org/drugbank:BE0003882	879	3-PharmGKB	Protein
http://bio2rdf.org/drugbank:BE0003984	836	3-PharmGKB	Protein
http://bio2rdf.org/drugbank:BE0004043	453	3-PharmGKB	Protein
http://bio2rdf.org/drugbank:BE0004044	214	3-PharmGKB	Protein
http://bio2rdf.org/drugbank:BE0004147	842	3-PharmGKB	Protein
http://bio2rdf.org/drugbank:BE0004155	2401	3-PharmGKB	Protein
http://bio2rdf.org/drugbank:BE0004238	6101	3-PharmGKB	Protein
http://bio2rdf.org/drugbank:BE0004277	142	3-PharmGKB	Protein
http://bio2rdf.org/drugbank:BE0004906	15978	3-PharmGKB	Protein
http://bio2rdf.org/drugbank:BE0000064	1191	4-CTD	Protein
http://bio2rdf.org/drugbank:BE0000076	1532	4-CTD	Protein
http://bio2rdf.org/drugbank:BE0000081	2974	4-CTD	Protein
http://bio2rdf.org/drugbank:BE0000091	2206	4-CTD	Protein
http://bio2rdf.org/drugbank:BE0000135	2774	4-CTD	Protein
http://bio2rdf.org/drugbank:BE0000177	3518	4-CTD	Protein
http://bio2rdf.org/drugbank:BE0000192	2796	4-CTD	Protein
http://bio2rdf.org/drugbank:BE0000198	1441	4-CTD	Protein
http://bio2rdf.org/drugbank:BE0000204	3445	4-CTD	Protein
http://bio2rdf.org/drugbank:BE0000219	2622	4-CTD	Protein
http://bio2rdf.org/drugbank:BE0000309	1824	4-CTD	Protein
http://bio2rdf.org/drugbank:BE0000338	859	4-CTD	Protein
http://bio2rdf.org/drugbank:BE0000345	5652	4-CTD	Protein
http://bio2rdf.org/drugbank:BE0000368	1780	4-CTD	Protein
http://bio2rdf.org/drugbank:BE0000369	3807	4-CTD	Protein
http://bio2rdf.org/drugbank:BE0000382	1797	4-CTD	Protein
http://bio2rdf.org/drugbank:BE0000389	1849	4-CTD	Protein
http://bio2rdf.org/drugbank:BE0000416	1083	4-CTD	Protein
http://bio2rdf.org/drugbank:BE0000545	1600	4-CTD	Protein
http://bio2rdf.org/drugbank:BE0000553	17518	4-CTD	Protein
http://bio2rdf.org/drugbank:BE0000651	2094	4-CTD	Protein
http://bio2rdf.org/drugbank:BE0000673	1148	4-CTD	Protein
http://bio2rdf.org/drugbank:BE0000714	2232	4-CTD	Protein
http://bio2rdf.org/drugbank:BE0000741	1995	4-CTD	Protein
http://bio2rdf.org/drugbank:BE0000767	8085	4-CTD	Protein
http://bio2rdf.org/drugbank:BE0000814	3497	4-CTD	Protein
http://bio2rdf.org/drugbank:BE0000816	2639	4-CTD	Protein
http://bio2rdf.org/drugbank:BE0000819	1876	4-CTD	Protein
http://bio2rdf.org/drugbank:BE0000839	6096	4-CTD	Protein
http://bio2rdf.org/drugbank:BE0000887	1048	4-CTD	Protein
http://bio2rdf.org/drugbank:BE0000899	1269	4-CTD	Protein
http://bio2rdf.org/drugbank:BE0000915	4343	4-CTD	Protein
http://bio2rdf.org/drugbank:BE0000959	3389	4-CTD	Protein
http://bio2rdf.org/drugbank:BE0000968	1198	4-CTD	Protein
http://bio2rdf.org/drugbank:BE0000974	1509	4-CTD	Protein
http://bio2rdf.org/drugbank:BE0000982	1649	4-CTD	Protein
http://bio2rdf.org/drugbank:BE0000999	2054	4-CTD	Protein
http://bio2rdf.org/drugbank:BE0001019	5030	4-CTD	Protein
http://bio2rdf.org/drugbank:BE0001036	1107	4-CTD	Protein
http://bio2rdf.org/drugbank:BE0001046	2394	4-CTD	Protein
http://bio2rdf.org/drugbank:BE0001058	1357	4-CTD	Protein
http://bio2rdf.org/drugbank:BE0001076	2611	4-CTD	Protein
http://bio2rdf.org/drugbank:BE0001109	3596	4-CTD	Protein
http://bio2rdf.org/drugbank:BE0001122	2111	4-CTD	Protein
http://bio2rdf.org/drugbank:BE0001156	3382	4-CTD	Protein
http://bio2rdf.org/drugbank:BE0001185	2020	4-CTD	Protein
http://bio2rdf.org/drugbank:BE0001840	1796	4-CTD	Protein
http://bio2rdf.org/drugbank:BE0002139	1245	4-CTD	Protein
http://bio2rdf.org/drugbank:BE0002231	1812	4-CTD	Protein
http://bio2rdf.org/drugbank:BE0002282	2574	4-CTD	Protein
http://bio2rdf.org/drugbank:BE0002287	2632	4-CTD	Protein
http://bio2rdf.org/drugbank:BE0002308	1447	4-CTD	Protein
http://bio2rdf.org/drugbank:BE0002324	1589	4-CTD	Protein
http://bio2rdf.org/drugbank:BE0002344	9266	4-CTD	Protein
http://bio2rdf.org/drugbank:BE0002406	3179	4-CTD	Protein
http://bio2rdf.org/drugbank:BE0002423	1070	4-CTD	Protein
http://bio2rdf.org/drugbank:BE0002441	1716	4-CTD	Protein
http://bio2rdf.org/drugbank:BE0002859	2965	4-CTD	Protein
http://bio2rdf.org/drugbank:BE0003115	3860	4-CTD	Protein
http://bio2rdf.org/drugbank:BE0003148	2007	4-CTD	Protein
http://bio2rdf.org/drugbank:BE0003309	1616	4-CTD	Protein
http://bio2rdf.org/drugbank:BE0003420	1484	4-CTD	Protein
http://bio2rdf.org/drugbank:BE0003508	2000	4-CTD	Protein
http://bio2rdf.org/drugbank:BE0003522	1860	4-CTD	Protein
http://bio2rdf.org/drugbank:BE0003578	7280	4-CTD	Protein
http://bio2rdf.org/drugbank:BE0003584	1646	4-CTD	Protein
http://bio2rdf.org/drugbank:BE0003719	2184	4-CTD	Protein
http://bio2rdf.org/drugbank:BE0003882	2039	4-CTD	Protein
http://bio2rdf.org/drugbank:BE0003984	2212	4-CTD	Protein
http://bio2rdf.org/drugbank:BE0004043	1538	4-CTD	Protein
http://bio2rdf.org/drugbank:BE0004044	1922	4-CTD	Protein
http://bio2rdf.org/drugbank:BE0004147	1645	4-CTD	Protein
http://bio2rdf.org/drugbank:BE0004155	4303	4-CTD	Protein
http://bio2rdf.org/drugbank:BE0004238	8037	4-CTD	Protein
http://bio2rdf.org/drugbank:BE0004277	782	4-CTD	Protein
http://bio2rdf.org/drugbank:BE0004906	17504	4-CTD	Protein
http://bio2rdf.org/drugbank:BE0000064	1848	5-EBIRDF	Protein
http://bio2rdf.org/drugbank:BE0000076	2502	5-EBIRDF	Protein
http://bio2rdf.org/drugbank:BE0000081	3937	5-EBIRDF	Protein
http://bio2rdf.org/drugbank:BE0000091	3181	5-EBIRDF	Protein
http://bio2rdf.org/drugbank:BE0000135	3737	5-EBIRDF	Protein
http://bio2rdf.org/drugbank:BE0000177	3677	5-EBIRDF	Protein
http://bio2rdf.org/drugbank:BE0000192	3124	5-EBIRDF	Protein
http://bio2rdf.org/drugbank:BE0000198	2397	5-EBIRDF	Protein
http://bio2rdf.org/drugbank:BE0000204	4406	5-EBIRDF	Protein
http://bio2rdf.org/drugbank:BE0000219	3587	5-EBIRDF	Protein
http://bio2rdf.org/drugbank:BE0000309	2542	5-EBIRDF	Protein
http://bio2rdf.org/drugbank:BE0000338	1824	5-EBIRDF	Protein
http://bio2rdf.org/drugbank:BE0000345	6616	5-EBIRDF	Protein
http://bio2rdf.org/drugbank:BE0000368	2743	5-EBIRDF	Protein
http://bio2rdf.org/drugbank:BE0000369	4763	5-EBIRDF	Protein
http://bio2rdf.org/drugbank:BE0000382	2765	5-EBIRDF	Protein
http://bio2rdf.org/drugbank:BE0000389	2811	5-EBIRDF	Protein
http://bio2rdf.org/drugbank:BE0000416	2050	5-EBIRDF	Protein
http://bio2rdf.org/drugbank:BE0000545	2561	5-EBIRDF	Protein
http://bio2rdf.org/drugbank:BE0000553	18465	5-EBIRDF	Protein
http://bio2rdf.org/drugbank:BE0000651	2960	5-EBIRDF	Protein
http://bio2rdf.org/drugbank:BE0000673	2113	5-EBIRDF	Protein
http://bio2rdf.org/drugbank:BE0000714	2839	5-EBIRDF	Protein
http://bio2rdf.org/drugbank:BE0000741	2962	5-EBIRDF	Protein
http://bio2rdf.org/drugbank:BE0000767	8987	5-EBIRDF	Protein
http://bio2rdf.org/drugbank:BE0000814	4452	5-EBIRDF	Protein
http://bio2rdf.org/drugbank:BE0000816	3596	5-EBIRDF	Protein
http://bio2rdf.org/drugbank:BE0000819	2840	5-EBIRDF	Protein
http://bio2rdf.org/drugbank:BE0000839	6996	5-EBIRDF	Protein
http://bio2rdf.org/drugbank:BE0000887	1515	5-EBIRDF	Protein
http://bio2rdf.org/drugbank:BE0000899	1864	5-EBIRDF	Protein
http://bio2rdf.org/drugbank:BE0000915	5268	5-EBIRDF	Protein
http://bio2rdf.org/drugbank:BE0000959	4350	5-EBIRDF	Protein
http://bio2rdf.org/drugbank:BE0000968	2015	5-EBIRDF	Protein
http://bio2rdf.org/drugbank:BE0000974	2347	5-EBIRDF	Protein
http://bio2rdf.org/drugbank:BE0000982	2617	5-EBIRDF	Protein
http://bio2rdf.org/drugbank:BE0000999	3014	5-EBIRDF	Protein
http://bio2rdf.org/drugbank:BE0001019	5923	5-EBIRDF	Protein
http://bio2rdf.org/drugbank:BE0001036	2058	5-EBIRDF	Protein
http://bio2rdf.org/drugbank:BE0001046	3348	5-EBIRDF	Protein
http://bio2rdf.org/drugbank:BE0001058	1681	5-EBIRDF	Protein
http://bio2rdf.org/drugbank:BE0001076	3456	5-EBIRDF	Protein
http://bio2rdf.org/drugbank:BE0001109	4482	5-EBIRDF	Protein
http://bio2rdf.org/drugbank:BE0001122	2966	5-EBIRDF	Protein
http://bio2rdf.org/drugbank:BE0001156	4322	5-EBIRDF	Protein
http://bio2rdf.org/drugbank:BE0001185	2994	5-EBIRDF	Protein
http://bio2rdf.org/drugbank:BE0001840	2751	5-EBIRDF	Protein
http://bio2rdf.org/drugbank:BE0002139	1539	5-EBIRDF	Protein
http://bio2rdf.org/drugbank:BE0002231	2780	5-EBIRDF	Protein
http://bio2rdf.org/drugbank:BE0002282	3537	5-EBIRDF	Protein
http://bio2rdf.org/drugbank:BE0002287	3589	5-EBIRDF	Protein
http://bio2rdf.org/drugbank:BE0002308	1948	5-EBIRDF	Protein
http://bio2rdf.org/drugbank:BE0002324	2551	5-EBIRDF	Protein
http://bio2rdf.org/drugbank:BE0002344	9755	5-EBIRDF	Protein
http://bio2rdf.org/drugbank:BE0002406	4113	5-EBIRDF	Protein
http://bio2rdf.org/drugbank:BE0002423	1295	5-EBIRDF	Protein
http://bio2rdf.org/drugbank:BE0002441	2683	5-EBIRDF	Protein
http://bio2rdf.org/drugbank:BE0002859	3920	5-EBIRDF	Protein
http://bio2rdf.org/drugbank:BE0003115	4812	5-EBIRDF	Protein
http://bio2rdf.org/drugbank:BE0003148	2969	5-EBIRDF	Protein
http://bio2rdf.org/drugbank:BE0003309	1712	5-EBIRDF	Protein
http://bio2rdf.org/drugbank:BE0003420	2456	5-EBIRDF	Protein
http://bio2rdf.org/drugbank:BE0003508	2955	5-EBIRDF	Protein
http://bio2rdf.org/drugbank:BE0003522	2826	5-EBIRDF	Protein
http://bio2rdf.org/drugbank:BE0003578	8249	5-EBIRDF	Protein
http://bio2rdf.org/drugbank:BE0003584	2400	5-EBIRDF	Protein
http://bio2rdf.org/drugbank:BE0003719	3145	5-EBIRDF	Protein
http://bio2rdf.org/drugbank:BE0003882	3011	5-EBIRDF	Protein
http://bio2rdf.org/drugbank:BE0003984	3149	5-EBIRDF	Protein
http://bio2rdf.org/drugbank:BE0004043	2512	5-EBIRDF	Protein
http://bio2rdf.org/drugbank:BE0004044	2891	5-EBIRDF	Protein
http://bio2rdf.org/drugbank:BE0004147	2481	5-EBIRDF	Protein
http://bio2rdf.org/drugbank:BE0004155	5228	5-EBIRDF	Protein
http://bio2rdf.org/drugbank:BE0004238	8980	5-EBIRDF	Protein
http://bio2rdf.org/drugbank:BE0004277	1747	5-EBIRDF	Protein
http://bio2rdf.org/drugbank:BE0004906	18451	5-EBIRDF	Protein
http://bio2rdf.org/kegg:H00003	90	2-KEGG	Disease
http://bio2rdf.org/kegg:H00004	51	2-KEGG	Disease
http://bio2rdf.org/kegg:H00005	45	2-KEGG	Disease
http://bio2rdf.org/kegg:H00006	26	2-KEGG	Disease
http://bio2rdf.org/kegg:H00008	39	2-KEGG	Disease
http://bio2rdf.org/kegg:H00009	33	2-KEGG	Disease
http://bio2rdf.org/kegg:H00010	67	2-KEGG	Disease
http://bio2rdf.org/kegg:H00012	16	2-KEGG	Disease
http://bio2rdf.org/kegg:H00013	100	2-KEGG	Disease
http://bio2rdf.org/kegg:H00014	126	2-KEGG	Disease
http://bio2rdf.org/kegg:H00015	53	2-KEGG	Disease
http://bio2rdf.org/kegg:H00016	69	2-KEGG	Disease
http://bio2rdf.org/kegg:H00017	58	2-KEGG	Disease
http://bio2rdf.org/kegg:H00018	96	2-KEGG	Disease
http://bio2rdf.org/kegg:H00019	55	2-KEGG	Disease
http://bio2rdf.org/kegg:H00020	83	2-KEGG	Disease
http://bio2rdf.org/kegg:H00021	67	2-KEGG	Disease
http://bio2rdf.org/kegg:H00022	111	2-KEGG	Disease
http://bio2rdf.org/kegg:H00026	53	2-KEGG	Disease
http://bio2rdf.org/kegg:H00027	57	2-KEGG	Disease
http://bio2rdf.org/kegg:H00030	57	2-KEGG	Disease
http://bio2rdf.org/kegg:H00031	75	2-KEGG	Disease
http://bio2rdf.org/kegg:H00032	96	2-KEGG	Disease
http://bio2rdf.org/kegg:H00036	52	2-KEGG	Disease
http://bio2rdf.org/kegg:H00037	42	2-KEGG	Disease
http://bio2rdf.org/kegg:H00038	61	2-KEGG	Disease
http://bio2rdf.org/kegg:H00039	42	2-KEGG	Disease
http://bio2rdf.org/kegg:H00040	39	2-KEGG	Disease
http://bio2rdf.org/kegg:H00042	66	2-KEGG	Disease
http://bio2rdf.org/kegg:H00043	42	2-KEGG	Disease
http://bio2rdf.org/kegg:H00046	50	2-KEGG	Disease
http://bio2rdf.org/kegg:H00047	34	2-KEGG	Disease
http://bio2rdf.org/kegg:H00048	86	2-KEGG	Disease
http://bio2rdf.org/kegg:H00049	34	2-KEGG	Disease
http://bio2rdf.org/kegg:H00050	37	2-KEGG	Disease
http://bio2rdf.org/kegg:H00054	50	2-KEGG	Disease
http://bio2rdf.org/kegg:H00056	35	2-KEGG	Disease
http://bio2rdf.org/kegg:H00057	77	2-KEGG	Disease
http://bio2rdf.org/kegg:H00058	64	2-KEGG	Disease
http://bio2rdf.org/kegg:H00059	13	2-KEGG	Disease
http://bio2rdf.org/kegg:H00066	27	2-KEGG	Disease
http://bio2rdf.org/kegg:H00068	55	2-KEGG	Disease
http://bio2rdf.org/kegg:H00074	18	2-KEGG	Disease
http://bio2rdf.org/kegg:H00079	78	2-KEGG	Disease
http://bio2rdf.org/kegg:H00080	108	2-KEGG	Disease
http://bio2rdf.org/kegg:H00084	82	2-KEGG	Disease
http://bio2rdf.org/kegg:H00562	14	2-KEGG	Disease
http://bio2rdf.org/kegg:H00590	60	2-KEGG	Disease
http://bio2rdf.org/kegg:H00591	6	2-KEGG	Disease
http://bio2rdf.org/kegg:H00599	37	2-KEGG	Disease
http://bio2rdf.org/kegg:H00608	55	2-KEGG	Disease
http://bio2rdf.org/kegg:H00613	9	2-KEGG	Disease
http://bio2rdf.org/kegg:H00624	41	2-KEGG	Disease
http://bio2rdf.org/kegg:H00626	49	2-KEGG	Disease
http://bio2rdf.org/kegg:H00627	67	2-KEGG	Disease
http://bio2rdf.org/kegg:H00630	4	2-KEGG	Disease
http://bio2rdf.org/kegg:H00653	13	2-KEGG	Disease
http://bio2rdf.org/kegg:H00691	13	2-KEGG	Disease
http://bio2rdf.org/kegg:H00734	36	2-KEGG	Disease
http://bio2rdf.org/kegg:H00760	7	2-KEGG	Disease
http://bio2rdf.org/kegg:H00831	52	2-KEGG	Disease
http://bio2rdf.org/kegg:H00881	26	2-KEGG	Disease
http://bio2rdf.org/kegg:H00915	20	2-KEGG	Disease
http://bio2rdf.org/kegg:H00933	32	2-KEGG	Disease
http://bio2rdf.org/kegg:H00937	22	2-KEGG	Disease
http://bio2rdf.org/kegg:H00971	18	2-KEGG	Disease
http://bio2rdf.org/kegg:H01025	22	2-KEGG	Disease
http://bio2rdf.org/kegg:H01045	11	2-KEGG	Disease
http://bio2rdf.org/kegg:H01046	10	2-KEGG	Disease
http://bio2rdf.org/kegg:H01118	36	2-KEGG	Disease
http://bio2rdf.org/kegg:H01153	12	2-KEGG	Disease
http://bio2rdf.org/kegg:H01176	5	2-KEGG	Disease
http://bio2rdf.org/kegg:H01184	7	2-KEGG	Disease
http://bio2rdf.org/kegg:H01185	14	2-KEGG	Disease
http://bio2rdf.org/kegg:H01198	9	2-KEGG	Disease
http://bio2rdf.org/kegg:H01202	121	2-KEGG	Disease
http://bio2rdf.org/kegg:H01224	10	2-KEGG	Disease
http://bio2rdf.org/kegg:H01227	19	2-KEGG	Disease
http://bio2rdf.org/kegg:H01246	7	2-KEGG	Disease
http://bio2rdf.org/kegg:H01267	52	2-KEGG	Disease
http://bio2rdf.org/kegg:H01309	10	2-KEGG	Disease
http://bio2rdf.org/kegg:H01317	6	2-KEGG	Disease
http://bio2rdf.org/kegg:H01347	50	2-KEGG	Disease
http://bio2rdf.org/kegg:H01355	45	2-KEGG	Disease
http://bio2rdf.org/kegg:H01356	35	2-KEGG	Disease
http://bio2rdf.org/kegg:H01357	32	2-KEGG	Disease
http://bio2rdf.org/kegg:H01358	71	2-KEGG	Disease
http://bio2rdf.org/kegg:H01365	25	2-KEGG	Disease
http://bio2rdf.org/kegg:H01367	22	2-KEGG	Disease
http://bio2rdf.org/kegg:H01383	20	2-KEGG	Disease
http://bio2rdf.org/kegg:H01395	9	2-KEGG	Disease
http://bio2rdf.org/kegg:H01398	38	2-KEGG	Disease
http://bio2rdf.org/kegg:H01400	79	2-KEGG	Disease
http://bio2rdf.org/kegg:H01407	5	2-KEGG	Disease
http://bio2rdf.org/kegg:H01414	6	2-KEGG	Disease
http://bio2rdf.org/kegg:H00003	337	3-PharmGKB	Disease
http://bio2rdf.org/kegg:H00004	264	3-PharmGKB	Disease
http://bio2rdf.org/kegg:H00005	141	3-PharmGKB	Disease
http://bio2rdf.org/kegg:H00006	47	3-PharmGKB	Disease
http://bio2rdf.org/kegg:H00008	141	3-PharmGKB	Disease
http://bio2rdf.org/kegg:H00009	84	3-PharmGKB	Disease
http://bio2rdf.org/kegg:H00010	224	3-PharmGKB	Disease
http://bio2rdf.org/kegg:H00012	42	3-PharmGKB	Disease
http://bio2rdf.org/kegg:H00013	101	3-PharmGKB	Disease
http://bio2rdf.org/kegg:H00014	1092	3-PharmGKB	Disease
http://bio2rdf.org/kegg:H00015	171	3-PharmGKB	Disease
http://bio2rdf.org/kegg:H00016	97	3-PharmGKB	Disease
http://bio2rdf.org/kegg:H00017	202	3-PharmGKB	Disease
http://bio2rdf.org/kegg:H00018	451	3-PharmGKB	Disease
http://bio2rdf.org/kegg:H00019	502	3-PharmGKB	Disease
http://bio2rdf.org/kegg:H00020	1221	3-PharmGKB	Disease
http://bio2rdf.org/kegg:H00021	213	3-PharmGKB	Disease
http://bio2rdf.org/kegg:H00022	202	3-PharmGKB	Disease
http://bio2rdf.org/kegg:H00026	124	3-PharmGKB	Disease
http://bio2rdf.org/kegg:H00027	446	3-PharmGKB	Disease
http://bio2rdf.org/kegg:H00030	103	3-PharmGKB	Disease
http://bio2rdf.org/kegg:H00031	2207	3-PharmGKB	Disease
http://bio2rdf.org/kegg:H00032	143	3-PharmGKB	Disease
http://bio2rdf.org/kegg:H00036	201	3-PharmGKB	Disease
http://bio2rdf.org/kegg:H00037	47	3-PharmGKB	Disease
http://bio2rdf.org/kegg:H00038	81	3-PharmGKB	Disease
http://bio2rdf.org/kegg:H00039	71	3-PharmGKB	Disease
http://bio2rdf.org/kegg:H00040	68	3-PharmGKB	Disease
http://bio2rdf.org/kegg:H00042	103	3-PharmGKB	Disease
http://bio2rdf.org/kegg:H00043	54	3-PharmGKB	Disease
http://bio2rdf.org/kegg:H00046	53	3-PharmGKB	Disease
http://bio2rdf.org/kegg:H00047	46	3-PharmGKB	Disease
http://bio2rdf.org/kegg:H00048	187	3-PharmGKB	Disease
http://bio2rdf.org/kegg:H00049	39	3-PharmGKB	Disease
http://bio2rdf.org/kegg:H00050	46	3-PharmGKB	Disease
http://bio2rdf.org/kegg:H00054	208	3-PharmGKB	Disease
http://bio2rdf.org/kegg:H00056	318	3-PharmGKB	Disease
http://bio2rdf.org/kegg:H00057	306	3-PharmGKB	Disease
http://bio2rdf.org/kegg:H00058	82	3-PharmGKB	Disease
http://bio2rdf.org/kegg:H00059	31	3-PharmGKB	Disease
http://bio2rdf.org/kegg:H00066	46	3-PharmGKB	Disease
http://bio2rdf.org/kegg:H00068	66	3-PharmGKB	Disease
http://bio2rdf.org/kegg:H00074	56	3-PharmGKB	Disease
http://bio2rdf.org/kegg:H00079	1019	3-PharmGKB	Disease
http://bio2rdf.org/kegg:H00080	258	3-PharmGKB	Disease
http://bio2rdf.org/kegg:H00084	118	3-PharmGKB	Disease
http://bio2rdf.org/kegg:H00562	37	3-PharmGKB	Disease
http://bio2rdf.org/kegg:H00590	95	3-PharmGKB	Disease
http://bio2rdf.org/kegg:H00591	28	3-PharmGKB	Disease
http://bio2rdf.org/kegg:H00599	63	3-PharmGKB	Disease
http://bio2rdf.org/kegg:H00608	69	3-PharmGKB	Disease
http://bio2rdf.org/kegg:H00613	14	3-PharmGKB	Disease
http://bio2rdf.org/kegg:H00624	70	3-PharmGKB	Disease
http://bio2rdf.org/kegg:H00626	55	3-PharmGKB	Disease
http://bio2rdf.org/kegg:H00627	82	3-PharmGKB	Disease
http://bio2rdf.org/kegg:H00630	1183	3-PharmGKB	Disease
http://bio2rdf.org/kegg:H00653	62	3-PharmGKB	Disease
http://bio2rdf.org/kegg:H00691	25	3-PharmGKB	Disease
http://bio2rdf.org/kegg:H00734	55	3-PharmGKB	Disease
http://bio2rdf.org/kegg:H00760	29	3-PharmGKB	Disease
http://bio2rdf.org/kegg:H00831	112	3-PharmGKB	Disease
http://bio2rdf.org/kegg:H00881	32	3-PharmGKB	Disease
http://bio2rdf.org/kegg:H00915	43	3-PharmGKB	Disease
http://bio2rdf.org/kegg:H00933	83	3-PharmGKB	Disease
http://bio2rdf.org/kegg:H00937	26	3-PharmGKB	Disease
http://bio2rdf.org/kegg:H00971	45	3-PharmGKB	Disease
http://bio2rdf.org/kegg:H01025	56	3-PharmGKB	Disease
http://bio2rdf.org/kegg:H01045	26	3-PharmGKB	Disease
http://bio2rdf.org/kegg:H01046	12	3-PharmGKB	Disease
http://bio2rdf.org/kegg:H01118	63	3-PharmGKB	Disease
http://bio2rdf.org/kegg:H01153	13	3-PharmGKB	Disease
http://bio2rdf.org/kegg:H01176	17	3-PharmGKB	Disease
http://bio2rdf.org/kegg:H01184	179	3-PharmGKB	Disease
http://bio2rdf.org/kegg:H01185	23	3-PharmGKB	Disease
http://bio2rdf.org/kegg:H01198	46	3-PharmGKB	Disease
http://bio2rdf.org/kegg:H01202	137	3-PharmGKB	Disease
http://bio2rdf.org/kegg:H01224	62	3-PharmGKB	Disease
http://bio2rdf.org/kegg:H01227	302	3-PharmGKB	Disease
http://bio2rdf.org/kegg:H01246	9	3-PharmGKB	Disease
http://bio2rdf.org/kegg:H01267	70	3-PharmGKB	Disease
http://bio2rdf.org/kegg:H01309	33	3-PharmGKB	Disease
http://bio2rdf.org/kegg:H01317	15	3-PharmGKB	Disease
http://bio2rdf.org/kegg:H01347	52	3-PharmGKB	Disease
http://bio2rdf.org/kegg:H01355	63	3-PharmGKB	Disease
http://bio2rdf.org/kegg:H01356	36	3-PharmGKB	Disease
http://bio2rdf.org/kegg:H01357	47	3-PharmGKB	Disease
http://bio2rdf.org/kegg:H01358	96	3-PharmGKB	Disease
http://bio2rdf.org/kegg:H01365	36	3-PharmGKB	Disease
http://bio2rdf.org/kegg:H01367	43	3-PharmGKB	Disease
http://bio2rdf.org/kegg:H01383	102	3-PharmGKB	Disease
http://bio2rdf.org/kegg:H01395	36	3-PharmGKB	Disease
http://bio2rdf.org/kegg:H01398	74	3-PharmGKB	Disease
http://bio2rdf.org/kegg:H01400	115	3-PharmGKB	Disease
http://bio2rdf.org/kegg:H01407	14	3-PharmGKB	Disease
http://bio2rdf.org/kegg:H01414	39	3-PharmGKB	Disease
http://bio2rdf.org/kegg:H00003	20129	4-CTD	Disease
http://bio2rdf.org/kegg:H00004	12365	4-CTD	Disease
http://bio2rdf.org/kegg:H00005	9447	4-CTD	Disease
http://bio2rdf.org/kegg:H00006	775	4-CTD	Disease
http://bio2rdf.org/kegg:H00008	7764	4-CTD	Disease
http://bio2rdf.org/kegg:H00009	8182	4-CTD	Disease
http://bio2rdf.org/kegg:H00010	21903	4-CTD	Disease
http://bio2rdf.org/kegg:H00012	2149	4-CTD	Disease
http://bio2rdf.org/kegg:H00013	11118	4-CTD	Disease
http://bio2rdf.org/kegg:H00014	22644	4-CTD	Disease
http://bio2rdf.org/kegg:H00015	19355	4-CTD	Disease
http://bio2rdf.org/kegg:H00016	18094	4-CTD	Disease
http://bio2rdf.org/kegg:H00017	21606	4-CTD	Disease
http://bio2rdf.org/kegg:H00018	26097	4-CTD	Disease
http://bio2rdf.org/kegg:H00019	24962	4-CTD	Disease
http://bio2rdf.org/kegg:H00020	24107	4-CTD	Disease
http://bio2rdf.org/kegg:H00021	19384	4-CTD	Disease
http://bio2rdf.org/kegg:H00022	28058	4-CTD	Disease
http://bio2rdf.org/kegg:H00026	18555	4-CTD	Disease
http://bio2rdf.org/kegg:H00027	28687	4-CTD	Disease
http://bio2rdf.org/kegg:H00030	26762	4-CTD	Disease
http://bio2rdf.org/kegg:H00031	37439	4-CTD	Disease
http://bio2rdf.org/kegg:H00032	18052	4-CTD	Disease
http://bio2rdf.org/kegg:H00036	24213	4-CTD	Disease
http://bio2rdf.org/kegg:H00037	1212	4-CTD	Disease
http://bio2rdf.org/kegg:H00038	23806	4-CTD	Disease
http://bio2rdf.org/kegg:H00039	7873	4-CTD	Disease
http://bio2rdf.org/kegg:H00040	23637	4-CTD	Disease
http://bio2rdf.org/kegg:H00042	18657	4-CTD	Disease
http://bio2rdf.org/kegg:H00043	10421	4-CTD	Disease
http://bio2rdf.org/kegg:H00046	19510	4-CTD	Disease
http://bio2rdf.org/kegg:H00047	11600	4-CTD	Disease
http://bio2rdf.org/kegg:H00048	31188	4-CTD	Disease
http://bio2rdf.org/kegg:H00049	550	4-CTD	Disease
http://bio2rdf.org/kegg:H00050	6489	4-CTD	Disease
http://bio2rdf.org/kegg:H00054	9671	4-CTD	Disease
http://bio2rdf.org/kegg:H00056	23816	4-CTD	Disease
http://bio2rdf.org/kegg:H00057	20745	4-CTD	Disease
http://bio2rdf.org/kegg:H00058	11780	4-CTD	Disease
http://bio2rdf.org/kegg:H00059	11729	4-CTD	Disease
http://bio2rdf.org/kegg:H00066	3060	4-CTD	Disease
http://bio2rdf.org/kegg:H00068	2373	4-CTD	Disease
http://bio2rdf.org/kegg:H00074	198	4-CTD	Disease
http://bio2rdf.org/kegg:H00079	27245	4-CTD	Disease
http://bio2rdf.org/kegg:H00080	20245	4-CTD	Disease
http://bio2rdf.org/kegg:H00084	16341	4-CTD	Disease
http://bio2rdf.org/kegg:H00562	1475	4-CTD	Disease
http://bio2rdf.org/kegg:H00590	2468	4-CTD	Disease
http://bio2rdf.org/kegg:H00591	1123	4-CTD	Disease
http://bio2rdf.org/kegg:H00599	2635	4-CTD	Disease
http://bio2rdf.org/kegg:H00608	818	4-CTD	Disease
http://bio2rdf.org/kegg:H00613	461	4-CTD	Disease
http://bio2rdf.org/kegg:H00624	26036	4-CTD	Disease
http://bio2rdf.org/kegg:H00626	14157	4-CTD	Disease
http://bio2rdf.org/kegg:H00627	12301	4-CTD	Disease
http://bio2rdf.org/kegg:H00630	22367	4-CTD	Disease
http://bio2rdf.org/kegg:H00653	2388	4-CTD	Disease
http://bio2rdf.org/kegg:H00691	4192	4-CTD	Disease
http://bio2rdf.org/kegg:H00734	254	4-CTD	Disease
http://bio2rdf.org/kegg:H00760	3440	4-CTD	Disease
http://bio2rdf.org/kegg:H00831	2931	4-CTD	Disease
http://bio2rdf.org/kegg:H00881	225	4-CTD	Disease
http://bio2rdf.org/kegg:H00915	1745	4-CTD	Disease
http://bio2rdf.org/kegg:H00933	21374	4-CTD	Disease
http://bio2rdf.org/kegg:H00937	22849	4-CTD	Disease
http://bio2rdf.org/kegg:H00971	15501	4-CTD	Disease
http://bio2rdf.org/kegg:H01025	8851	4-CTD	Disease
http://bio2rdf.org/kegg:H01045	404	4-CTD	Disease
http://bio2rdf.org/kegg:H01046	1128	4-CTD	Disease
http://bio2rdf.org/kegg:H01118	5141	4-CTD	Disease
http://bio2rdf.org/kegg:H01153	5177	4-CTD	Disease
http://bio2rdf.org/kegg:H01176	4597	4-CTD	Disease
http://bio2rdf.org/kegg:H01184	17316	4-CTD	Disease
http://bio2rdf.org/kegg:H01185	572	4-CTD	Disease
http://bio2rdf.org/kegg:H01198	14231	4-CTD	Disease
http://bio2rdf.org/kegg:H01202	18352	4-CTD	Disease
http://bio2rdf.org/kegg:H01224	25325	4-CTD	Disease
http://bio2rdf.org/kegg:H01227	6869	4-CTD	Disease
http://bio2rdf.org/kegg:H01246	195	4-CTD	Disease
http://bio2rdf.org/kegg:H01267	18063	4-CTD	Disease
http://bio2rdf.org/kegg:H01309	2098	4-CTD	Disease
http://bio2rdf.org/kegg:H01317	6991	4-CTD	Disease
http://bio2rdf.org/kegg:H01347	14162	4-CTD	Disease
http://bio2rdf.org/kegg:H01355	1392	4-CTD	Disease
http://bio2rdf.org/kegg:H01356	1345	4-CTD	Disease
http://bio2rdf.org/kegg:H01357	20554	4-CTD	Disease
http://bio2rdf.org/kegg:H01358	19619	4-CTD	Disease
http://bio2rdf.org/kegg:H01365	2343	4-CTD	Disease
http://bio2rdf.org/kegg:H01367	19419	4-CTD	Disease
http://bio2rdf.org/kegg:H01383	2323	4-CTD	Disease
http://bio2rdf.org/kegg:H01395	5114	4-CTD	Disease
http://bio2rdf.org/kegg:H01398	18201	4-CTD	Disease
http://bio2rdf.org/kegg:H01400	18242	4-CTD	Disease
http://bio2rdf.org/kegg:H01407	6990	4-CTD	Disease
http://bio2rdf.org/kegg:H01414	16532	4-CTD	Disease
http://bio2rdf.org/kegg:H00003	20129	5-EBIRDF	Disease
http://bio2rdf.org/kegg:H00004	12365	5-EBIRDF	Disease
http://bio2rdf.org/kegg:H00005	9447	5-EBIRDF	Disease
http://bio2rdf.org/kegg:H00006	775	5-EBIRDF	Disease
http://bio2rdf.org/kegg:H00008	7764	5-EBIRDF	Disease
http://bio2rdf.org/kegg:H00009	8182	5-EBIRDF	Disease
http://bio2rdf.org/kegg:H00010	21903	5-EBIRDF	Disease
http://bio2rdf.org/kegg:H00012	2149	5-EBIRDF	Disease
http://bio2rdf.org/kegg:H00013	11118	5-EBIRDF	Disease
http://bio2rdf.org/kegg:H00014	22644	5-EBIRDF	Disease
http://bio2rdf.org/kegg:H00015	19355	5-EBIRDF	Disease
http://bio2rdf.org/kegg:H00016	18094	5-EBIRDF	Disease
http://bio2rdf.org/kegg:H00017	21606	5-EBIRDF	Disease
http://bio2rdf.org/kegg:H00018	26097	5-EBIRDF	Disease
http://bio2rdf.org/kegg:H00019	24962	5-EBIRDF	Disease
http://bio2rdf.org/kegg:H00020	24107	5-EBIRDF	Disease
http://bio2rdf.org/kegg:H00021	19384	5-EBIRDF	Disease
http://bio2rdf.org/kegg:H00022	28058	5-EBIRDF	Disease
http://bio2rdf.org/kegg:H00026	18555	5-EBIRDF	Disease
http://bio2rdf.org/kegg:H00027	28687	5-EBIRDF	Disease
http://bio2rdf.org/kegg:H00030	26762	5-EBIRDF	Disease
http://bio2rdf.org/kegg:H00031	37439	5-EBIRDF	Disease
http://bio2rdf.org/kegg:H00032	18052	5-EBIRDF	Disease
http://bio2rdf.org/kegg:H00036	24213	5-EBIRDF	Disease
http://bio2rdf.org/kegg:H00037	1212	5-EBIRDF	Disease
http://bio2rdf.org/kegg:H00038	23806	5-EBIRDF	Disease
http://bio2rdf.org/kegg:H00039	7873	5-EBIRDF	Disease
http://bio2rdf.org/kegg:H00040	23637	5-EBIRDF	Disease
http://bio2rdf.org/kegg:H00042	18657	5-EBIRDF	Disease
http://bio2rdf.org/kegg:H00043	10421	5-EBIRDF	Disease
http://bio2rdf.org/kegg:H00046	19510	5-EBIRDF	Disease
http://bio2rdf.org/kegg:H00047	11600	5-EBIRDF	Disease
http://bio2rdf.org/kegg:H00048	31188	5-EBIRDF	Disease
http://bio2rdf.org/kegg:H00049	550	5-EBIRDF	Disease
http://bio2rdf.org/kegg:H00050	6489	5-EBIRDF	Disease
http://bio2rdf.org/kegg:H00054	9671	5-EBIRDF	Disease
http://bio2rdf.org/kegg:H00056	23816	5-EBIRDF	Disease
http://bio2rdf.org/kegg:H00057	20745	5-EBIRDF	Disease
http://bio2rdf.org/kegg:H00058	11780	5-EBIRDF	Disease
http://bio2rdf.org/kegg:H00059	11729	5-EBIRDF	Disease
http://bio2rdf.org/kegg:H00066	3060	5-EBIRDF	Disease
http://bio2rdf.org/kegg:H00068	2373	5-EBIRDF	Disease
http://bio2rdf.org/kegg:H00074	198	5-EBIRDF	Disease
http://bio2rdf.org/kegg:H00079	27245	5-EBIRDF	Disease
http://bio2rdf.org/kegg:H00080	20245	5-EBIRDF	Disease
http://bio2rdf.org/kegg:H00084	16341	5-EBIRDF	Disease
http://bio2rdf.org/kegg:H00562	1475	5-EBIRDF	Disease
http://bio2rdf.org/kegg:H00590	2468	5-EBIRDF	Disease
http://bio2rdf.org/kegg:H00591	1123	5-EBIRDF	Disease
http://bio2rdf.org/kegg:H00599	2635	5-EBIRDF	Disease
http://bio2rdf.org/kegg:H00608	818	5-EBIRDF	Disease
http://bio2rdf.org/kegg:H00613	461	5-EBIRDF	Disease
http://bio2rdf.org/kegg:H00624	26036	5-EBIRDF	Disease
http://bio2rdf.org/kegg:H00626	14157	5-EBIRDF	Disease
http://bio2rdf.org/kegg:H00627	12301	5-EBIRDF	Disease
http://bio2rdf.org/kegg:H00630	22367	5-EBIRDF	Disease
http://bio2rdf.org/kegg:H00653	2388	5-EBIRDF	Disease
http://bio2rdf.org/kegg:H00691	4192	5-EBIRDF	Disease
http://bio2rdf.org/kegg:H00734	254	5-EBIRDF	Disease
http://bio2rdf.org/kegg:H00760	3440	5-EBIRDF	Disease
http://bio2rdf.org/kegg:H00831	2931	5-EBIRDF	Disease
http://bio2rdf.org/kegg:H00881	225	5-EBIRDF	Disease
http://bio2rdf.org/kegg:H00915	1745	5-EBIRDF	Disease
http://bio2rdf.org/kegg:H00933	21374	5-EBIRDF	Disease
http://bio2rdf.org/kegg:H00937	22849	5-EBIRDF	Disease
http://bio2rdf.org/kegg:H00971	15501	5-EBIRDF	Disease
http://bio2rdf.org/kegg:H01025	8851	5-EBIRDF	Disease
http://bio2rdf.org/kegg:H01045	404	5-EBIRDF	Disease
http://bio2rdf.org/kegg:H01046	1128	5-EBIRDF	Disease
http://bio2rdf.org/kegg:H01118	5141	5-EBIRDF	Disease
http://bio2rdf.org/kegg:H01153	5177	5-EBIRDF	Disease
http://bio2rdf.org/kegg:H01176	4597	5-EBIRDF	Disease
http://bio2rdf.org/kegg:H01184	17316	5-EBIRDF	Disease
http://bio2rdf.org/kegg:H01185	572	5-EBIRDF	Disease
http://bio2rdf.org/kegg:H01198	14231	5-EBIRDF	Disease
http://bio2rdf.org/kegg:H01202	18352	5-EBIRDF	Disease
http://bio2rdf.org/kegg:H01224	25325	5-EBIRDF	Disease
http://bio2rdf.org/kegg:H01227	6869	5-EBIRDF	Disease
http://bio2rdf.org/kegg:H01246	195	5-EBIRDF	Disease
http://bio2rdf.org/kegg:H01267	18063	5-EBIRDF	Disease
http://bio2rdf.org/kegg:H01309	2098	5-EBIRDF	Disease
http://bio2rdf.org/kegg:H01317	6991	5-EBIRDF	Disease
http://bio2rdf.org/kegg:H01347	14162	5-EBIRDF	Disease
http://bio2rdf.org/kegg:H01355	1392	5-EBIRDF	Disease
http://bio2rdf.org/kegg:H01356	1345	5-EBIRDF	Disease
http://bio2rdf.org/kegg:H01357	20554	5-EBIRDF	Disease
http://bio2rdf.org/kegg:H01358	19619	5-EBIRDF	Disease
http://bio2rdf.org/kegg:H01365	2343	5-EBIRDF	Disease
http://bio2rdf.org/kegg:H01367	19419	5-EBIRDF	Disease
http://bio2rdf.org/kegg:H01383	2323	5-EBIRDF	Disease
http://bio2rdf.org/kegg:H01395	5114	5-EBIRDF	Disease
http://bio2rdf.org/kegg:H01398	18201	5-EBIRDF	Disease
http://bio2rdf.org/kegg:H01400	18242	5-EBIRDF	Disease
http://bio2rdf.org/kegg:H01407	6990	5-EBIRDF	Disease
http://bio2rdf.org/kegg:H01414	16532	5-EBIRDF	Disease
